financebench_id,company,doc_name,question,gold_answer,plain_answer,elen_answer
financebench_id_03029,3M,3M_2018_10K,What is the FY2018 capital expenditure amount (in USD millions) for 3M? Give a response to the question by relying on the details shown in the cash flow statement.,$1577.00,"**Finding 3M's 2018 Capital Expenditure**

Okay, so the user needs the capital expenditure figure for 3M in fiscal year 2018. My immediate instinct is to head straight to the Consolidated Statement of Cash Flows; that's where I expect to find this kind of data. I know that capital expenditure, or ""CapEx,"" is usually represented by ""Purchases of property, plant and equipment (PP&E)"" under the ""Cash Flows from Investing Activities"" section. I'll need to pinpoint the value associated with that line item and the 2018 column. That's where the answer will be. Let's get to it.
The FY2018 capital expenditure amount for 3M is $1,577 million USD, which is listed as ""Purchases of property, plant and equipment (PP&E)"" under Cash Flows from Investing Activities.","**Analyzing the Cash Flow Statement for Capital Expenditure Information**

Okay, so the user needs the capital expenditure figure for FY2018. My immediate thought is to zero in on the ""Cash Flows from Investing Activities"" section of the provided cash flow statement. That's the logical place to find information related to investments in property, plant, and equipment, which is what we're after.

Let me scan this section… Ah, here it is, the line item I was expecting: ""Purchases of property, plant and equipment (PP&E)"". That's the one. That represents the capital expenditures, the cash outflow for investments in fixed assets.

Now to get the number for 2018. Right there - (1,577) million USD. Done. That's the answer.
The FY2018 capital expenditure amount for 3M is $1,577 million USD, as indicated by the ""Purchases of property, plant and equipment (PP&E)"" under Cash Flows from Investing Activities in the consolidated statement of cash flows."
financebench_id_04672,3M,3M_2018_10K,Assume that you are a public equities analyst. Answer the following question by primarily using information that is shown in the balance sheet: what is the year end FY2018 net PPNE for 3M? Answer in USD billions.,$8.70,"**Calculating 3M's Net PPNE for FY2018**

Okay, so the user needs the ""net PPNE"" for 3M for fiscal year 2018, and they want it in USD billions. ""PPNE"" – that's a straightforward one, usually shorthand for ""Property, Plant, and Equipment."" Given that the balance sheet is available, I just need to find the relevant line item. Aha, there it is: ""Property, plant and equipment net."" The balance sheet provides this value for both 2018 and 2017. Let's see... for December 31, 2018, the value is listed as $8,738 million. Easy enough. Now I need to convert that to USD billions. To do that I just need to divide by 1,000.
The year-end FY2018 net Property, Plant, and Equipment (PPNE) for 3M is $8.738 billion.","**Calculating 3M's Net PPNE for FY2018**

Okay, so the user wants the ""net PPNE"" for 3M in 2018, and they want it in USD billions. Right, ""PPNE"" most likely stands for Property, Plant, and Equipment, and since we're dealing with a balance sheet, it looks like ""net"" refers to the value after depreciation. Let me check the information... Yes, here it is: ""Property, plant and equipment net"" is explicitly stated on the balance sheet for both 2018 and 2017. Good, easy access to the exact figure. The 2018 value is $8,738 million.

Now, to convert that to billions... I need to divide that number by 1,000. So, $8,738 million / 1,000 = $8.738 billion. Perfect, that's the answer they're looking for.
The year-end FY2018 net Property, Plant, and Equipment (PP&E) for 3M is **$8.738 billion**."
financebench_id_00499,3M,3M_2022_10K,Is 3M a capital-intensive business based on FY2022 data?,"No, the company is managing its CAPEX and Fixed Assets pretty efficiently, which is evident from below key metrics:
CAPEX/Revenue Ratio: 5.1%
Fixed assets/Total Assets: 20%
Return on Assets= 12.4%","**My Assessment of 3M's Capital Intensity**

Okay, the user wants me to determine if 3M is a capital-intensive business, judging from their 2022 data. My initial thought is that I cannot make that determination with only the net sales figures provided. To assess whether a company is capital-intensive, I need a much broader financial picture.

Specifically, I’d need key pieces of information from the balance sheet and the cash flow statement. I would need to see their Property, Plant, and Equipment (PPE) figures, or ideally, Capital Expenditures (CapEx). I'd also want to look at Depreciation and Amortization, because those are all tell-tale signs of how much money they're spending on their physical infrastructure. Total assets would also give me a solid base to work from.

Since I don't have those essential elements, I'm going to leverage `web_search` to ensure I'm aligned with a standard financial definition of ""capital-intensive."" That way, I can clearly explain to the user why the provided data is insufficient and what additional information is required to answer their question definitively. I'll make sure they understand precisely what data is missing and why it's critical for evaluating a company's capital intensity.
To determine if 3M is a capital-intensive business, I would need additional financial data beyond just net sales. Typically, assessing capital intensity requires information such as:

*   **Capital Expenditures (CapEx):** The funds used by a company to acquire, upgrade, and maintain physical assets such as property, industrial buildings, or equipment.
*   **Property, Plant, and Equipment (PP&E):** The total value of a company's fixed assets.
*   **Depreciation and Amortization:** Non-cash expenses that reduce the value of assets over time.

Without data related to 3M's investments in fixed assets or capital expenditures, I cannot definitively answer whether it is a capital-intensive business based solely on the provided FY2022 net sales figure.","**Analyzing 3M's Capital Intensity**

Okay, so the user wants to know if 3M is capital-intensive, and they're basing their question on the FY2022 data they've provided.  My initial reaction is, based *solely* on what's been given, I can't definitively say.  All I have are Net Sales figures for 2022, 2021, and 2020.  To really determine capital intensity, I'd need to see the other side of the equation. I mean, I know capital intensity relates assets, fixed assets and capital expenditures to revenues.

What I *would* need to make a judgment is information about 3M's asset base.  Specifically, I'd be looking for data like capital expenditures, depreciation, fixed assets – something to give me a sense of how much investment is tied up in generating those sales.  Without that, I'm stuck.  I could try and dig up this information using a web search, but the phrasing of the question seems to limit my response to the provided FY2022 data. So, for now, I have to state that the context provided is insufficient.
Based on the provided FY2022 data, which only includes Net Sales, it is not possible to determine if 3M is a capital-intensive business.

To assess capital intensity, information such as capital expenditures, total assets (especially property, plant, and equipment), or depreciation relative to sales or revenue would be needed. This data is typically found in the balance sheet and cash flow statements, not just the income statement's net sales."
financebench_id_01226,3M,3M_2022_10K,"What drove operating margin change as of FY2022 for 3M? If operating margin is not a useful metric for a company like this, then please state that and explain why.","Operating Margin for 3M in FY2022 has decreased by 1.7% primarily due to: 
-Decrease in gross Margin
-mostly one-off charges including Combat Arms Earplugs litigation, impairment related to exiting PFAS manufacturing, costs related to exiting Russia and divestiture-related restructuring
charges","**My Analysis of 3M's FY2022 Operating Margin Drivers**

Okay, so the question is about what drove the change in 3M's operating margin in fiscal year 2022. I need to zero in on the financial document provided and extract the key factors influencing their operating margin. This isn't a complex analysis; the document lays it out pretty clearly. It's focused on SG&A expenses, which is the right place to start. I know operating margin is calculated by taking Operating Income and dividing it by Sales, so changes in operating expenses like SG&A have a direct impact.

The document highlights that SG&A increased as a percentage of sales, which, in and of itself, is a negative sign for the operating margin. Let's look at the drivers mentioned:

On the *increase* side, the biggest hits are clearly: massive special item costs due to that Combat Arms Earplugs litigation – that's a $1.2 billion pre-tax charge in Q2, ouch! There are also impairment costs related to exiting PFAS manufacturing, costs related to their exit from Russia, divestiture-related restructuring charges, and ongoing investment in growth initiatives. All these things directly inflate SG&A, which, again, drags down operating margin.

However, it wasn't a total bloodbath. Some factors *partially offset* the negative impacts. Restructuring benefits and cost management efforts within 3M helped a little.

The document is pretty explicit. The key take-away is that a bunch of one-time costs, primarily through SG&A, hit the operating margin hard. It's a useful summary, and it gives me a clear picture of why the operating margin might have been down for the year. I don't need additional tools here as the document is pretty transparent about the drivers.
Based on the provided financial document, the operating margin for 3M in FY2022 was primarily impacted by an increase in Selling, General, and Administrative (SG&A) expenses as a percentage of sales.

The key factors that drove this change, leading to a decrease in operating margin, include:
*   **Significant litigation costs:** A pre-tax charge of approximately $1.2 billion in the second quarter of 2022 related to Combat Arms Earplugs litigation.
*   **Impairment costs:** Related to exiting PFAS manufacturing.
*   **Costs associated with exiting Russia.**
*   **Divestiture-related restructuring charges.**
*   **Continued investment** in key growth initiatives.

These increases in SG&A were partially offset by restructuring benefits and ongoing general 3M cost management efforts.

Operating margin is a useful metric for a company like 3M, as it indicates the profitability of its core operations before interest and taxes. The provided context directly discusses various operational costs (SG&A, litigation, restructuring, investments) that influence this metric, demonstrating its relevance for understanding the company's financial performance.","**Analyzing 3M's Operating Margin Drivers in FY2022**

Okay, so the user wants to understand what drove the change in 3M's operating margin in 2022, judging by the provided financial context. My initial thought is to dive right into the information about SG&A expenses, since I know that's a direct component of operating expenses and, therefore, has a significant impact on operating margin. Let's see... the text highlights that SG&A as a percentage of sales *increased* during the year, which is a negative for the margin. I need to break down the reasons why that happened.

Right, the key factors for that increase are pretty clear: substantial special item costs associated with significant litigation (that Combat Arms Earplugs case—$1.2 billion pre-tax charge in Q2 2022!), impairment costs from getting out of PFAS manufacturing, costs of exiting Russia, and restructuring charges tied to divestitures. They also mention continued investment in key growth initiatives, which might be a good thing long-term, but it certainly eats into the margin in the short term.

The text also points out some offsetting factors, like restructuring benefits and general cost management efforts within 3M. I'll need to remember those, but the main thrust is definitely the expense increases. Since operating margin is essentially (Revenue - COGS - Operating Expenses) / Revenue, any rise in operating expenses, and particularly SG&A, without a corresponding revenue increase, drags down that margin.

Now, the user also asks about the usefulness of operating margin for a company like 3M. It's a valid question. 3M's a massive, diversified manufacturer. I think operating margin *is* very useful here. It provides a good view of their core operational profitability, before interest and taxes. It reflects operational efficiency and their pricing power. Those special items – the litigation, exits, restructurings – they're technically non-recurring, and they do distort the picture. Analysts might look at an ""adjusted operating margin"" to get a clearer picture of recurring performance, and that's often a good practice. However, these “special items” do affect the reported operating margin. So, understanding *how* these specific items impact the reported margin is crucial for a full assessment of 3M's performance.

So, I think I can directly address the user's questions. I'm confident in my explanation of why SG&A increased and its impact on operating margin. Plus, I can provide some good context on why operating margin, even with the ""noise,"" is a valuable metric for a company like 3M.
Based on the financial document context, the primary drivers of the change in 3M's operating margin as of FY2022, specifically through their impact on Selling, General, and Administrative (SG&A) expenses, were:

**Factors that negatively impacted operating margin (increased SG&A as a percent of sales):**
*   **Significant Litigation Costs:** A pre-tax charge of approximately $1.2 billion in the second quarter of 2022 related to the Combat Arms Earplugs litigation.
*   **Impairment Costs:** Expenses associated with exiting PFAS manufacturing.
*   **Russia Exit Costs:** Costs incurred due to the company's exit from Russia.
*   **Divestiture-Related Restructuring Charges.**
*   **Investment in Growth Initiatives:** Continued spending on key growth strategies.

**Factors that partially offset these negative impacts (reduced SG&A):**
*   **Restructuring Benefits.**
*   **Cost Management:** Ongoing general 3M cost management efforts.

Operating margin is a useful metric for a company like 3M. As a large, diversified manufacturing company, operating margin provides crucial insight into the efficiency and profitability of its core business operations before accounting for interest and taxes. While ""special item costs"" like those mentioned can significantly impact the reported operating margin for a given period, understanding these components is vital for a comprehensive financial analysis. Analysts often examine both reported and adjusted operating margins to differentiate between ongoing operational performance and the impact of non-recurring or unusual events."
financebench_id_01865,3M,3M_2022_10K,"If we exclude the impact of M&A, which segment has dragged down 3M's overall growth in 2022?",The consumer segment shrunk by 0.9% organically.,"**Analyzing 3M's 2022 Growth Drivers (Excluding M&A)**

Okay, the task is to pinpoint which business segment at 3M was the biggest drag on overall growth in 2022, but we need to remove the effects of mergers and acquisitions. Right, so I'm looking at the ""Organic Sales"" and ""Translation"" figures in the financial data, since ""Acquisitions"" and ""Divestitures"" account for the M&A activity. The total sales change is the sum of all four components, but we're only interested in organic performance and currency translation.

First, I need to isolate the relevant data. Let's calculate the ""growth"" for each segment, excluding M&A, by summing Organic Sales and Translation.

*   **Safety and Industrial:** 1.0% (Organic) + (-4.2%) (Translation) = -3.2%
*   **Transportation and Electronics:** 1.2% (Organic) + (-4.6%) (Translation) = -3.4%
*   **Health Care:** 3.2% (Organic) + (-3.8%) (Translation) = -0.6%
*   **Consumer:** -0.9% (Organic) + (-2.6%) (Translation) = -3.5%

Now, comparing these, it's pretty clear. The Consumer segment had the most negative growth (-3.5%) when you remove the M&A impact. That's the segment that's pulling down overall growth the most. It is critical to note that growth is calculated as the sum of Organic Sales and Translation.

Let's do a quick sanity check, to make sure I'm interpreting ""dragged down overall growth"" correctly. I can calculate the overall company growth, excluding M&A, and it should match my understanding: 1.2% (Organic) + (-3.9%) (Translation) = -2.7%.

So, to definitively answer the question of ""which segment dragged down 3M's overall growth"", the Consumer segment, with its -3.5% growth (excluding M&A), is the culprit.
If we exclude the impact of M&A (Acquisitions and Divestitures), the growth for each segment is calculated by combining ""Organic sales"" and ""Translation"":

*   **Safety and Industrial**: 1.0% + (-4.2%) = -3.2%
*   **Transportation and Electronics**: 1.2% + (-4.6%) = -3.4%
*   **Health Care**: 3.2% + (-3.8%) = -0.6%
*   **Consumer**: -0.9% + (-2.6%) = -3.5%

The **Consumer** segment had the largest negative impact at -3.5%, indicating it dragged down 3M's overall growth the most when excluding M&A.","**Analyzing 3M's 2022 Performance: Pinpointing the Drag**

Okay, so the task at hand is to pinpoint which business segment at 3M negatively impacted their overall growth in 2022, but we need to factor out the effects of mergers and acquisitions. Right, so we're looking at *organic* sales. That makes perfect sense; organic sales give us a clean picture, stripped of the noise of M&A activity. Let's dig in.

The data presented is clear: we are given Organic Sales percentage change for each segment. Let's see... looking at the ""Organic Sales"" column, I see Safety and Industrial at 1.0%, Transportation and Electronics at 1.2%, Health Care at 3.2%, Consumer at (0.9)%, and Total Company at 1.2%. Aha! There it is. The only negative figure belongs to the Consumer segment. So, logically, given that all other segments saw organic growth, the Consumer segment, with its (0.9)% decline, is the one that pulled down 3M's overall growth for the year, when we exclude the impact of acquisitions and divestitures. Straightforward, really.
Excluding the impact of M&A (Acquisitions and Divestitures), the **Consumer** segment dragged down 3M's overall growth in 2022 with an organic sales change of (0.9)%."
financebench_id_00807,3M,3M_2023Q2_10Q,"Does 3M have a reasonably healthy liquidity profile based on its quick ratio for Q2 of FY2023? If the quick ratio is not relevant to measure liquidity, please state that and explain why.","No. The quick ratio for 3M was 0.96 by Jun'23 close, which needs a bit of an improvement to touch the 1x mark","The tool execution is consistently failing, preventing me from calculating the quick ratio. Without the calculated quick ratio, I cannot assess 3M's liquidity profile as requested.

Therefore, I cannot provide a definitive answer to your question about 3M's liquidity profile based on its quick ratio for Q2 of FY2023. I am unable to execute the necessary calculation.I am unable to calculate the quick ratio because the `code_execution` tool is consistently failing. Therefore, I cannot assess 3M's liquidity profile based on this metric for Q2 FY2023.","**Analyzing 3M's Liquidity: A Quick Ratio Deep Dive**

Okay, the `code_execution` tool is acting up, so I'll need to run this quick ratio calculation manually. Let's start with the numbers. I've got:

*   Liquid Assets: $4,258 million (Cash and equivalents) + $56 million (Marketable securities) + $4,947 million (Accounts receivable) = $9,261 million
*   Current Liabilities: $10,936 million

So, the quick ratio is $9,261 million / $10,936 million, which comes out to roughly 0.8468, or about 0.85 when rounded.

Now, let's interpret this. A quick ratio of 1.0 or higher is generally where you want to be – it signifies sufficient liquid assets to cover those immediate short-term obligations. Below 1.0, you start to question the immediate liquidity and the need to sell inventory or other less liquid assets in the short run.

For 3M in Q2 FY2023, the calculated quick ratio is, let's say, 0.85. This is *below* that standard benchmark of 1.0. This is significant; this suggests we are in an area where further investigation may be warranted.

The quick ratio itself is a robust metric. It's a tighter measure of liquidity than the current ratio because it strips out inventory and prepaid expenses – assets that can be harder to convert to cash quickly. So, it's a good gauge of how well 3M can meet its short-term obligations right now, without having to rely on selling products or less immediately convertible assets.

Based on this number, 3M's liquidity is not *super* healthy when we compare it to the typical benchmark. This ratio suggests that 3M might be slightly vulnerable in the very short term. However, the exact *implication* of this depends on a whole host of factors, the industry, the specific business model, the economic climate, so this quick look does not necessarily signify a significant problem. We would need to consider this quick ratio in the light of the company's historical performance and compare it to industry averages to form a fully rounded judgment.
Based on the financial document provided for Q2 FY2023 (June 30, 2023):

1.  **Calculate Liquid Assets:**
    *   Cash and cash equivalents: $4,258 million
    *   Marketable securities current: $56 million
    *   Accounts receivable net: $4,947 million
    *   Total Liquid Assets = $4,258 + $56 + $4,947 = $9,261 million

2.  **Identify Current Liabilities:**
    *   Total current liabilities: $10,936 million

3.  **Calculate the Quick Ratio:**
    *   Quick Ratio = Liquid Assets / Current Liabilities
    *   Quick Ratio = $9,261 million / $10,936 million ≈ 0.85

The quick ratio is a relevant measure to assess liquidity. It indicates a company's ability to meet its short-term obligations using its most liquid assets (excluding inventory and prepaid expenses). A quick ratio of 1.0 or higher is generally considered healthy.

3M's quick ratio for Q2 FY2023 is approximately 0.85. This is below the commonly accepted benchmark of 1.0, suggesting that 3M's most liquid assets do not fully cover its current liabilities. Therefore, based solely on this ratio, 3M's liquidity profile would not be considered robustly healthy without relying on the conversion of inventory or other less liquid assets. However, the interpretation of a ""healthy"" quick ratio can also depend on industry-specific benchmarks and other financial context."
financebench_id_00941,3M,3M_2023Q2_10Q,Which debt securities are registered to trade on a national securities exchange under 3M's name as of Q2 of 2023?,"Following debt securities registered under 3M's name are listed to trade on the New York Stock Exchange:
-1.500% Notes due 2026 (Trading Symbol: MMM26)
-1.750% Notes due 2030 (Trading Symbol: MMM30)
-1.500% Notes due 2031 (Trading Symbol: MMM31)","**Identifying Debt Securities in the Financial Document**

Okay, so the user wants me to zero in on the debt securities within this financial document, and pinpoint their associated exchanges. My approach will be to meticulously filter the document, focusing on identifying entries that are explicitly labelled as ""Notes due."" These, logically, represent the debt instruments we're looking for. Once I've isolated these ""Notes due"" entries, I'll extract their corresponding exchanges. It's a fairly straightforward parsing task, really.

I also see the user mentions ""as of Q2 of 2023."" While the text doesn't explicitly provide a snapshot in time or temporal data, I will extract and present the available information. I will, however, make sure to note that the provided text is static and doesn't explicitly refer to Q2 of 2023. I'm confident I can provide a concise and relevant response by sticking to this filtering and extraction strategy.
The debt securities registered to trade on a national securities exchange under 3M's name are:

*   **1.500% Notes due 2026** (Trading Symbol: MMM26) registered on the New York Stock Exchange.
*   **1.750% Notes due 2030** (Trading Symbol: MMM30) registered on the New York Stock Exchange.
*   **1.500% Notes due 2031** (Trading Symbol: MMM31) registered on the New York Stock Exchange.","**Identifying Debt Securities in the Context**

Okay, so the user wants me to pinpoint debt securities from this financial document snippet, specifically those registered on an exchange. My focus needs to be on items classified as ""Notes"" within the context. I'll need to filter for those and then verify their exchange registration.

Let's see, I've got ""Common Stock, Par Value $.01 Per Share"" – obviously not a debt security. But then, aha! We have ""1.500% Notes due 2026,"" ""1.750% Notes due 2030,"" and ""1.500% Notes due 2031."" Excellent. They're all identified as ""Notes"" *and* they're all registered on the New York Stock Exchange. That's a national securities exchange, so that ticks that box.

The question specifies ""under 3M's name as of Q2 of 2023."" The context seems to be about 3M, since we have the ticker MMM and explicit mention of the ""Notes"" are related to 3M. I'll assume this context extract applies to the requested period.

Therefore, the debt securities that meet all the criteria are:

*   1.500% Notes due 2026
*   1.750% Notes due 2030
*   1.500% Notes due 2031
Based on the provided financial document context, the debt securities registered to trade on a national securities exchange under 3M's name are:

*   1.500% Notes due 2026 (registered on the New York Stock Exchange)
*   1.750% Notes due 2030 (registered on the New York Stock Exchange)
*   1.500% Notes due 2031 (registered on the New York Stock Exchange)"
financebench_id_01858,3M,3M_2023Q2_10Q,Does 3M maintain a stable trend of dividend distribution?,"Yes, not only they distribute the dividends on a routine basis, 3M has also been increasing the per share dividend for consecutive 65 years","Okay, here's my interpretation of that thought process, from an expert's perspective:

**Dividend Stability at 3M: A Straightforward Conclusion**

Alright, so the user is asking about 3M's dividend distribution, specifically whether they maintain a stable trend. That's a pretty basic question, frankly. The provided context – ""65th consecutive year of dividend increases"" – just slams the answer home. Sixty-five years of *increases*? Come on, that's practically textbook stability. We're talking about a company with a long, consistent commitment to shareholder returns.

No need for some complex tool or analysis here. The data's staring us right in the face. A continuous upward trend for that long is the very definition of stability in this context. It's a clear signal of strong financial performance and a company dedicated to its dividend policy. Case closed, or in this instance, no case needed. Next question.
Based on the provided context, 3M has maintained a stable trend of dividend distribution, marked by 65 consecutive years of dividend increases.","**My Assessment of the 3M Dividend Question**

Okay, so the user wants to know about 3M's dividend trend, and they've given me a crucial piece of information: ""This marked the 65th consecutive year of dividend increases for 3M."" Right, so first things first, let's break this down. The question is pretty straightforward, and the context *immediately* delivers the goods. It's a quick, factual inquiry.

Do I need to fire up any databases or complex analytical tools? Nope. The provided statement is the answer. Sixty-five consecutive years of *increases* is pretty much the definition of a stable, upward-trending dividend distribution. No need for further research or fancy calculations here.

Therefore, my response will be crystal clear: Based on the provided context, the answer is a resounding yes. 3M absolutely maintains a stable trend in dividend distribution, and that trend is defined by consistent, sustained growth over a remarkably long period. The context gives us that answer.
Yes, 3M maintains a stable trend of dividend distribution, as indicated by its 65th consecutive year of dividend increases."
financebench_id_02987,Activision Blizzard,ACTIVISIONBLIZZARD_2019_10K,What is the FY2019 fixed asset turnover ratio for Activision Blizzard? Fixed asset turnover ratio is defined as: FY2019 revenue / (average PP&E between FY2018 and FY2019). Round your answer to two decimal places. Base your judgments on the information provided primarily in the statement of income and the statement of financial position.,24.26,"**My Analysis of Activision Blizzard's Fixed Asset Turnover Ratio for FY2019**

Okay, so the user wants me to calculate Activision Blizzard's Fixed Asset Turnover Ratio for 2019. They've provided the formula, which is `FY2019 revenue / (average PP&E between FY2018 and FY2019)`. Simple enough. My job is to gather the necessary data and crunch the numbers.

First, I need to identify what information I'm looking for. It's the 2019 revenue, and the Property, Plant, and Equipment (PP&E) for both 2018 and 2019. The user is asking me to base my calculations on information in the statements of income and financial position.

Now, let's dive into the ""CONSOLIDATED BALANCE SHEETS."" I'm looking for ""Property and equipment, net."" Ah, here it is! I've located the PP&E figures: $253 million at December 31, 2019, and $282 million at December 31, 2018. Perfect, I have those numbers. I've got the data I need to get the average PP&E.

However, the ""CONSOLIDATED BALANCE SHEETS"" *doesn't* contain revenue information for FY2019. And since the prompt limits my data sources to the income statement and balance sheet, and I don't have the income statement, I'm stuck. I *can't* calculate the Fixed Asset Turnover Ratio without it. I need to explain to the user that this critical piece of information is missing.
I cannot calculate the FY2019 fixed asset turnover ratio because the FY2019 revenue information is not provided in the supplied financial document. The provided context only includes the consolidated balance sheets, which do not contain revenue figures.","**My Analysis of Activision Blizzard's Fixed Asset Turnover Ratio for FY2019**

Okay, so the user wants me to calculate Activision Blizzard's fixed asset turnover ratio for 2019. The formula is straightforward: FY2019 revenue divided by the average Property, Plant, and Equipment (PP&E) between 2018 and 2019. Simple enough.

First, I need to get the necessary data. I know that revenue is usually on the income statement, but the provided context is a balance sheet. No revenue information here. That's a problem.

Next, the PP&E figures. I can get those from the balance sheet. Looking at the ""Property and equipment, net"" line items, I see:

*   December 31, 2019: $253 million
*   December 31, 2018: $282 million

Alright, I've got my PP&E numbers. Now, if I *had* the 2019 revenue, I would do the following calculation:

1.  Calculate Average PP&E: ($282 million + $253 million) / 2 = $267.5 million
2.  Calculate Fixed Asset Turnover Ratio: FY2019 Revenue / $267.5 million

However, and this is crucial, the FY2019 revenue *isn't* available in the provided document. I can't fudge it or look it up online, as the instructions are clear: base the judgment solely on the income statement and statement of financial position (i.e., the balance sheet, which is all I have here).

Therefore, my conclusion is that I cannot calculate the fixed asset turnover ratio with the information provided because the FY2019 revenue is missing.
I cannot calculate the FY2019 fixed asset turnover ratio because the FY2019 revenue is not provided in the given Consolidated Balance Sheets. Revenue information is typically found in the statement of income, which is not included in the provided context."
financebench_id_07966,Activision Blizzard,ACTIVISIONBLIZZARD_2019_10K,What is the FY2017 - FY2019 3 year average of capex as a % of revenue for Activision Blizzard? Answer in units of percents and round to one decimal place. Calculate (or extract) the answer from the statement of income and the cash flow statement.,1.9%,"**My Analysis: Web Search Failure and Data Dependency**

Okay, so the web search tool choked and gave me an ""Internal Server Error."" That's a real problem. I can't get the cash flow statement data I need to pinpoint the capital expenditures. Without that key piece of information, calculating capex as a percentage of revenue is impossible. It's a fundamental breakdown in the process.

Therefore, I need to immediately inform the user. I can't leave them hanging. I'll explain clearly that I'm hitting a wall because of the missing data and the error I encountered during the web search. I'll be sure to emphasize that this specific calculation – capex as a percentage of revenue – critically relies on information from the cash flow statement, which, unfortunately, wasn't provided in the initial context. Let them know I am aware of where this information is typically found.
I encountered an internal server error when trying to retrieve the cash flow statements for Activision Blizzard for FY2017-FY2019 using the web search tool.

Capital expenditure (capex) is typically found in the cash flow statement, which was not provided in your context. Since I could not access the cash flow statements to obtain the capital expenditure data, I am unable to calculate the 3-year average of capex as a percentage of revenue.","**My Assessment of the Activision Blizzard Capex Request**

Okay, so the user wants me to calculate the 3-year average of capital expenditures (capex) as a percentage of revenue for Activision Blizzard from FY2017 to FY2019. Seems straightforward enough at first glance. However, I immediately recognize that I have been given only the ""Consolidated Statements of Operations"" – the income statement, as it were.

My process here is to quickly evaluate whether I have the necessary inputs. To calculate capex, I would *absolutely* need the data from the cash flow statement. Specifically, I would need to find either a line item explicitly labeled ""Capital Expenditures"" or, more commonly, a line item like ""Purchase of property and equipment."" It's that data that directly reflects capex.

Unfortunately, after reviewing the income statement in detail, it's clear that this crucial ""capex"" data *is not* present. Therefore, I'm going to have to tell the user that I can't fulfill the request with the information I currently have. I'll need to explicitly point out the missing ""capex"" data from the cash flow statement. Perhaps they can provide that, or source the data elsewhere.
I cannot calculate the FY2017 - FY2019 3-year average of capex as a % of revenue because the provided financial document is a ""Consolidated Statements of Operations"" (Income Statement), which does not contain the capital expenditure (capex) data required from a cash flow statement."
